epoch,cur_lr,train_loss,val_loss,valid_acc,train_acc
1,0.001,1.545096365695304,1.9452963525598699,0.3688156008720398,0.3688156008720398
2,0.001,1.1963427066802979,3.8309870958328247,0.335082471370697,0.335082471370697
3,0.001,1.086677980549792,4.980178453705528,0.3110944628715515,0.3110944628715515
4,0.001,1.0130816044959616,7.805330883372914,0.27361318469047546,0.27361318469047546
5,0.001,0.9783867800489385,9.791773232546719,0.22338829934597015,0.22338829934597015
6,0.001,0.9333045159248595,12.436431191184305,0.20314842462539673,0.20314842462539673
