epoch,cur_lr,train_loss,val_loss,valid_acc,train_acc
1,0.001,1.701265418376678,11.359314680099487,0.10400000214576721,0.10400000214576721
2,0.001,1.2997823907778814,28.832890450954437,0.14399999380111694,0.14399999380111694
3,0.001,1.1456072548261056,40.489378571510315,0.14399999380111694,0.14399999380111694
4,0.001,1.0030738982634666,51.62892544269562,0.1720000058412552,0.1720000058412552
5,0.001,0.9259157830323929,56.10416615009308,0.18000000715255737,0.18000000715255737
6,0.001,0.887621405797127,55.38675677776337,0.17599999904632568,0.17599999904632568
7,0.001,0.8340716052513856,59.89619314670563,0.18400000035762787,0.18400000035762787
8,0.001,0.7514337198092387,68.29012262821198,0.15600000321865082,0.15600000321865082
9,0.001,0.6898078620433807,60.90243971347809,0.15199999511241913,0.15199999511241913
